"ref_area","source","indicator","sex","classif1","time","obs_value","obs_status"
"AFG","XA:2198","EMP_2EMP_SEX_ECO_NB","SEX_T","ECO_AGGREGATE_TOTAL","2005",5225.059,
"AFG","XA:2198","EMP_2EMP_SEX_ECO_NB","SEX_T","ECO_AGGREGATE_AGR","2005",3224.047,
"AGO","XA:2010","EMP_2EMP_SEX_ECO_NB","SEX_T","ECO_AGGREGATE_TOTAL","2005",6834.165,
"AGO","XA:2010","EMP_2EMP_SEX_ECO_NB","SEX_T","ECO_AGGREGATE_AGR","2005",2611.196,
"ALB","XA:2137","EMP_2EMP_SEX_ECO_NB","SEX_T","ECO_AGGREGATE_TOTAL","2005",1081.309,
"ALB","XA:2137","EMP_2EMP_SEX_ECO_NB","SEX_T","ECO_AGGREGATE_AGR","2005",511.826,
"ARE","XA:1978","EMP_2EMP_SEX_ECO_NB","SEX_T","ECO_AGGREGATE_TOTAL","2005",2860.535,
"ARE","XA:1978","EMP_2EMP_SEX_ECO_NB","SEX_T","ECO_AGGREGATE_AGR","2005",170.998,"A"
"ARG","XA:1868","EMP_2EMP_SEX_ECO_NB","SEX_T","ECO_AGGREGATE_TOTAL","2005",15596.455,
"ARG","XA:1868","EMP_2EMP_SEX_ECO_NB","SEX_T","ECO_AGGREGATE_AGR","2005",1885.476,
"ARM","XA:1931","EMP_2EMP_SEX_ECO_NB","SEX_T","ECO_AGGREGATE_TOTAL","2005",1278.824,
"ARM","XA:1931","EMP_2EMP_SEX_ECO_NB","SEX_T","ECO_AGGREGATE_AGR","2005",670.896,
"AUS","XA:2202","EMP_2EMP_SEX_ECO_NB","SEX_T","ECO_AGGREGATE_TOTAL","2005",9975.302,
"AUS","XA:2202","EMP_2EMP_SEX_ECO_NB","SEX_T","ECO_AGGREGATE_AGR","2005",357.1,"A"
"AUT","XA:2089","EMP_2EMP_SEX_ECO_NB","SEX_T","ECO_AGGREGATE_TOTAL","2005",3785.004,
"AUT","XA:2089","EMP_2EMP_SEX_ECO_NB","SEX_T","ECO_AGGREGATE_AGR","2005",199.644,"A"
"AZE","XA:2121","EMP_2EMP_SEX_ECO_NB","SEX_T","ECO_AGGREGATE_TOTAL","2005",3971.677,
"AZE","XA:2121","EMP_2EMP_SEX_ECO_NB","SEX_T","ECO_AGGREGATE_AGR","2005",1561.562,"A"
"BDI","XA:2153","EMP_2EMP_SEX_ECO_NB","SEX_T","ECO_AGGREGATE_TOTAL","2005",3125.504,
"BDI","XA:2153","EMP_2EMP_SEX_ECO_NB","SEX_T","ECO_AGGREGATE_AGR","2005",2830.169,
"BEL","XA:2185","EMP_2EMP_SEX_ECO_NB","SEX_T","ECO_AGGREGATE_TOTAL","2005",4237.201,
"BEL","XA:2185","EMP_2EMP_SEX_ECO_NB","SEX_T","ECO_AGGREGATE_AGR","2005",86.395,"A"
"BEN","XA:2018","EMP_2EMP_SEX_ECO_NB","SEX_T","ECO_AGGREGATE_TOTAL","2005",3324.264,
"BEN","XA:2018","EMP_2EMP_SEX_ECO_NB","SEX_T","ECO_AGGREGATE_AGR","2005",1626.308,
"BFA","XA:2034","EMP_2EMP_SEX_ECO_NB","SEX_T","ECO_AGGREGATE_TOTAL","2005",5367.672,
"BFA","XA:2034","EMP_2EMP_SEX_ECO_NB","SEX_T","ECO_AGGREGATE_AGR","2005",2430.191,
"BGD","XA:1939","EMP_2EMP_SEX_ECO_NB","SEX_T","ECO_AGGREGATE_TOTAL","2005",51745.658,
"BGD","XA:1939","EMP_2EMP_SEX_ECO_NB","SEX_T","ECO_AGGREGATE_AGR","2005",24877.384,"A"
"BGR","XA:2203","EMP_2EMP_SEX_ECO_NB","SEX_T","ECO_AGGREGATE_TOTAL","2005",2994.365,
"BGR","XA:2203","EMP_2EMP_SEX_ECO_NB","SEX_T","ECO_AGGREGATE_AGR","2005",267.66,"A"
"BHR","XA:2081","EMP_2EMP_SEX_ECO_NB","SEX_T","ECO_AGGREGATE_TOTAL","2005",477.65,
"BHR","XA:2081","EMP_2EMP_SEX_ECO_NB","SEX_T","ECO_AGGREGATE_AGR","2005",6.428,
"BHS","XA:2097","EMP_2EMP_SEX_ECO_NB","SEX_T","ECO_AGGREGATE_TOTAL","2005",168.326,
"BHS","XA:2097","EMP_2EMP_SEX_ECO_NB","SEX_T","ECO_AGGREGATE_AGR","2005",5.881,"A"
"BIH","XA:2113","EMP_2EMP_SEX_ECO_NB","SEX_T","ECO_AGGREGATE_TOTAL","2005",1225.059,
"BIH","XA:2113","EMP_2EMP_SEX_ECO_NB","SEX_T","ECO_AGGREGATE_AGR","2005",247.322,
"BLR","XA:2129","EMP_2EMP_SEX_ECO_NB","SEX_T","ECO_AGGREGATE_TOTAL","2005",4528.444,
"BLR","XA:2129","EMP_2EMP_SEX_ECO_NB","SEX_T","ECO_AGGREGATE_AGR","2005",706.423,
"BLZ","XA:2145","EMP_2EMP_SEX_ECO_NB","SEX_T","ECO_AGGREGATE_TOTAL","2005",93.961,
"BLZ","XA:2145","EMP_2EMP_SEX_ECO_NB","SEX_T","ECO_AGGREGATE_AGR","2005",18.374,"A"
"BOL","XA:1907","EMP_2EMP_SEX_ECO_NB","SEX_T","ECO_AGGREGATE_TOTAL","2005",4021.512,
"BOL","XA:1907","EMP_2EMP_SEX_ECO_NB","SEX_T","ECO_AGGREGATE_AGR","2005",1552.642,"A"
"BRA","XA:2002","EMP_2EMP_SEX_ECO_NB","SEX_T","ECO_AGGREGATE_TOTAL","2005",81935.564,
"BRA","XA:2002","EMP_2EMP_SEX_ECO_NB","SEX_T","ECO_AGGREGATE_AGR","2005",12713.242,"A"
"BRB","XA:2193","EMP_2EMP_SEX_ECO_NB","SEX_T","ECO_AGGREGATE_TOTAL","2005",134.996,
"BRB","XA:2193","EMP_2EMP_SEX_ECO_NB","SEX_T","ECO_AGGREGATE_AGR","2005",3.212,"A"
"BRN","XA:2014","EMP_2EMP_SEX_ECO_NB","SEX_T","ECO_AGGREGATE_TOTAL","2005",167.858,
"BRN","XA:2014","EMP_2EMP_SEX_ECO_NB","SEX_T","ECO_AGGREGATE_AGR","2005",2.289,
"BTN","XA:1872","EMP_2EMP_SEX_ECO_NB","SEX_T","ECO_AGGREGATE_TOTAL","2005",297.169,
"BTN","XA:1872","EMP_2EMP_SEX_ECO_NB","SEX_T","ECO_AGGREGATE_AGR","2005",193.294,
"BWA","XA:2030","EMP_2EMP_SEX_ECO_NB","SEX_T","ECO_AGGREGATE_TOTAL","2005",567.744,
"BWA","XA:2030","EMP_2EMP_SEX_ECO_NB","SEX_T","ECO_AGGREGATE_AGR","2005",150.432,
"CAF","XA:1849","EMP_2EMP_SEX_ECO_NB","SEX_T","ECO_AGGREGATE_TOTAL","2005",1619.19,
"CAF","XA:1849","EMP_2EMP_SEX_ECO_NB","SEX_T","ECO_AGGREGATE_AGR","2005",1225.529,
"CAN","XA:1935","EMP_2EMP_SEX_ECO_NB","SEX_T","ECO_AGGREGATE_TOTAL","2005",16610.541,
"CAN","XA:1935","EMP_2EMP_SEX_ECO_NB","SEX_T","ECO_AGGREGATE_AGR","2005",352.484,"A"
"CHA","XA:2232","EMP_2EMP_SEX_ECO_NB","SEX_T","ECO_AGGREGATE_TOTAL","2005",71.62,
"CHA","XA:2232","EMP_2EMP_SEX_ECO_NB","SEX_T","ECO_AGGREGATE_AGR","2005",2.511,
"CHE","XA:2054","EMP_2EMP_SEX_ECO_NB","SEX_T","ECO_AGGREGATE_TOTAL","2005",3988.019,
"CHE","XA:2054","EMP_2EMP_SEX_ECO_NB","SEX_T","ECO_AGGREGATE_AGR","2005",148.308,"A"
"CHL","XA:1943","EMP_2EMP_SEX_ECO_NB","SEX_T","ECO_AGGREGATE_TOTAL","2005",6270.567,
"CHL","XA:1943","EMP_2EMP_SEX_ECO_NB","SEX_T","ECO_AGGREGATE_AGR","2005",785.805,
"CHN","XA:2070","EMP_2EMP_SEX_ECO_NB","SEX_T","ECO_AGGREGATE_TOTAL","2005",723844.854,
"CHN","XA:2070","EMP_2EMP_SEX_ECO_NB","SEX_T","ECO_AGGREGATE_AGR","2005",324283.89,
"CIV","XA:1950","EMP_2EMP_SEX_ECO_NB","SEX_T","ECO_AGGREGATE_TOTAL","2005",6705.41,
"CIV","XA:1950","EMP_2EMP_SEX_ECO_NB","SEX_T","ECO_AGGREGATE_AGR","2005",3409.49,
"CMR","XA:2085","EMP_2EMP_SEX_ECO_NB","SEX_T","ECO_AGGREGATE_TOTAL","2005",7464.94,
"CMR","XA:2085","EMP_2EMP_SEX_ECO_NB","SEX_T","ECO_AGGREGATE_AGR","2005",4628.271,
"COD","XA:2093","EMP_2EMP_SEX_ECO_NB","SEX_T","ECO_AGGREGATE_TOTAL","2005",22408.108,
"COD","XA:2093","EMP_2EMP_SEX_ECO_NB","SEX_T","ECO_AGGREGATE_AGR","2005",16104.814,"A"
"COG","XA:2101","EMP_2EMP_SEX_ECO_NB","SEX_T","ECO_AGGREGATE_TOTAL","2005",1185.009,
"COG","XA:2101","EMP_2EMP_SEX_ECO_NB","SEX_T","ECO_AGGREGATE_AGR","2005",473.632,"A"
"COL","XA:2109","EMP_2EMP_SEX_ECO_NB","SEX_T","ECO_AGGREGATE_TOTAL","2005",17043.352,
"COL","XA:2109","EMP_2EMP_SEX_ECO_NB","SEX_T","ECO_AGGREGATE_AGR","2005",3463.266,"A"
"COM","XA:2117","EMP_2EMP_SEX_ECO_NB","SEX_T","ECO_AGGREGATE_TOTAL","2005",129.659,
"COM","XA:2117","EMP_2EMP_SEX_ECO_NB","SEX_T","ECO_AGGREGATE_AGR","2005",70.151,
"CPV","XA:2125","EMP_2EMP_SEX_ECO_NB","SEX_T","ECO_AGGREGATE_TOTAL","2005",150.717,
"CPV","XA:2125","EMP_2EMP_SEX_ECO_NB","SEX_T","ECO_AGGREGATE_AGR","2005",37.102,
"CRI","XA:2133","EMP_2EMP_SEX_ECO_NB","SEX_T","ECO_AGGREGATE_TOTAL","2005",1761.219,
"CRI","XA:2133","EMP_2EMP_SEX_ECO_NB","SEX_T","ECO_AGGREGATE_AGR","2005",268.576,"A"
"CUB","XA:1982","EMP_2EMP_SEX_ECO_NB","SEX_T","ECO_AGGREGATE_TOTAL","2005",4809.645,
"CUB","XA:1982","EMP_2EMP_SEX_ECO_NB","SEX_T","ECO_AGGREGATE_AGR","2005",973.947,"A"
"CYP","XA:2149","EMP_2EMP_SEX_ECO_NB","SEX_T","ECO_AGGREGATE_TOTAL","2005",496.408,
"CYP","XA:2149","EMP_2EMP_SEX_ECO_NB","SEX_T","ECO_AGGREGATE_AGR","2005",23.523,"A"
"CZE","XA:1990","EMP_2EMP_SEX_ECO_NB","SEX_T","ECO_AGGREGATE_TOTAL","2005",4796.985,
"CZE","XA:1990","EMP_2EMP_SEX_ECO_NB","SEX_T","ECO_AGGREGATE_AGR","2005",184.13,
"DEU","XA:2165","EMP_2EMP_SEX_ECO_NB","SEX_T","ECO_AGGREGATE_TOTAL","2005",36342.618,
"DEU","XA:2165","EMP_2EMP_SEX_ECO_NB","SEX_T","ECO_AGGREGATE_AGR","2005",862.561,"A"
"DJI","XA:2173","EMP_2EMP_SEX_ECO_NB","SEX_T","ECO_AGGREGATE_TOTAL","2005",129.601,
"DJI","XA:2173","EMP_2EMP_SEX_ECO_NB","SEX_T","ECO_AGGREGATE_AGR","2005",2.693,
"DNK","XA:2181","EMP_2EMP_SEX_ECO_NB","SEX_T","ECO_AGGREGATE_TOTAL","2005",2762.531,
"DNK","XA:2181","EMP_2EMP_SEX_ECO_NB","SEX_T","ECO_AGGREGATE_AGR","2005",87.918,"A"
"DOM","XA:2189","EMP_2EMP_SEX_ECO_NB","SEX_T","ECO_AGGREGATE_TOTAL","2005",3258.913,
"DOM","XA:2189","EMP_2EMP_SEX_ECO_NB","SEX_T","ECO_AGGREGATE_AGR","2005",445.914,"A"
"DZA","XA:1829","EMP_2EMP_SEX_ECO_NB","SEX_T","ECO_AGGREGATE_TOTAL","2005",8634.192,
"DZA","XA:1829","EMP_2EMP_SEX_ECO_NB","SEX_T","ECO_AGGREGATE_AGR","2005",1689.44,
"ECU","XA:2012","EMP_2EMP_SEX_ECO_NB","SEX_T","ECO_AGGREGATE_TOTAL","2005",5936.717,
"ECU","XA:2012","EMP_2EMP_SEX_ECO_NB","SEX_T","ECO_AGGREGATE_AGR","2005",1811.589,"A"
"EGY","XA:2016","EMP_2EMP_SEX_ECO_NB","SEX_T","ECO_AGGREGATE_TOTAL","2005",21714.942,
"EGY","XA:2016","EMP_2EMP_SEX_ECO_NB","SEX_T","ECO_AGGREGATE_AGR","2005",6718.408,"A"
"ERI","XA:1921","EMP_2EMP_SEX_ECO_NB","SEX_T","ECO_AGGREGATE_TOTAL","2005",1142.235,
"ERI","XA:1921","EMP_2EMP_SEX_ECO_NB","SEX_T","ECO_AGGREGATE_AGR","2005",749.152,
"ESH","XA:2024","EMP_2EMP_SEX_ECO_NB","SEX_T","ECO_AGGREGATE_TOTAL","2005",122.253,
"ESH","XA:2024","EMP_2EMP_SEX_ECO_NB","SEX_T","ECO_AGGREGATE_AGR","2005",36.461,
"ESP","XA:2028","EMP_2EMP_SEX_ECO_NB","SEX_T","ECO_AGGREGATE_TOTAL","2005",19422.115,
"ESP","XA:2028","EMP_2EMP_SEX_ECO_NB","SEX_T","ECO_AGGREGATE_AGR","2005",1029.257,"A"
"EST","XA:1874","EMP_2EMP_SEX_ECO_NB","SEX_T","ECO_AGGREGATE_TOTAL","2005",619.226,
"EST","XA:1874","EMP_2EMP_SEX_ECO_NB","SEX_T","ECO_AGGREGATE_AGR","2005",32.158,"A"
"ETH","XA:2036","EMP_2EMP_SEX_ECO_NB","SEX_T","ECO_AGGREGATE_TOTAL","2005",32943.478,
"ETH","XA:2036","EMP_2EMP_SEX_ECO_NB","SEX_T","ECO_AGGREGATE_AGR","2005",25735.697,"A"
"FIN","XA:1836","EMP_2EMP_SEX_ECO_NB","SEX_T","ECO_AGGREGATE_TOTAL","2005",2438.035,
"FIN","XA:1836","EMP_2EMP_SEX_ECO_NB","SEX_T","ECO_AGGREGATE_AGR","2005",117.637,"A"
"FJI","XA:2044","EMP_2EMP_SEX_ECO_NB","SEX_T","ECO_AGGREGATE_TOTAL","2005",326.004,
"FJI","XA:2044","EMP_2EMP_SEX_ECO_NB","SEX_T","ECO_AGGREGATE_AGR","2005",92.082,"A"
"FRA","XA:2048","EMP_2EMP_SEX_ECO_NB","SEX_T","ECO_AGGREGATE_TOTAL","2005",26304.162,
"FRA","XA:2048","EMP_2EMP_SEX_ECO_NB","SEX_T","ECO_AGGREGATE_AGR","2005",945.771,"A"
"GAB","XA:1937","EMP_2EMP_SEX_ECO_NB","SEX_T","ECO_AGGREGATE_TOTAL","2005",356.828,
"GAB","XA:1937","EMP_2EMP_SEX_ECO_NB","SEX_T","ECO_AGGREGATE_AGR","2005",136.282,
"GBR","XA:2056","EMP_2EMP_SEX_ECO_NB","SEX_T","ECO_AGGREGATE_TOTAL","2005",29081.243,
"GBR","XA:2056","EMP_2EMP_SEX_ECO_NB","SEX_T","ECO_AGGREGATE_AGR","2005",400.167,"A"
"GEO","XA:2060","EMP_2EMP_SEX_ECO_NB","SEX_T","ECO_AGGREGATE_TOTAL","2005",1793.133,
"GEO","XA:2060","EMP_2EMP_SEX_ECO_NB","SEX_T","ECO_AGGREGATE_AGR","2005",974.335,"A"
"GHA","XA:2064","EMP_2EMP_SEX_ECO_NB","SEX_T","ECO_AGGREGATE_TOTAL","2005",9187.352,
"GHA","XA:2064","EMP_2EMP_SEX_ECO_NB","SEX_T","ECO_AGGREGATE_AGR","2005",5018.96,
"GIN","XA:2068","EMP_2EMP_SEX_ECO_NB","SEX_T","ECO_AGGREGATE_TOTAL","2005",3004.29,
"GIN","XA:2068","EMP_2EMP_SEX_ECO_NB","SEX_T","ECO_AGGREGATE_AGR","2005",2079.371,
"GMB","XA:2075","EMP_2EMP_SEX_ECO_NB","SEX_T","ECO_AGGREGATE_TOTAL","2005",388.273,
"GMB","XA:2075","EMP_2EMP_SEX_ECO_NB","SEX_T","ECO_AGGREGATE_AGR","2005",152.903,
"GNB","XA:1885","EMP_2EMP_SEX_ECO_NB","SEX_T","ECO_AGGREGATE_TOTAL","2005",478.92,
"GNB","XA:1885","EMP_2EMP_SEX_ECO_NB","SEX_T","ECO_AGGREGATE_AGR","2005",285.47,
"GNQ","XA:2083","EMP_2EMP_SEX_ECO_NB","SEX_T","ECO_AGGREGATE_TOTAL","2005",311.405,
"GNQ","XA:2083","EMP_2EMP_SEX_ECO_NB","SEX_T","ECO_AGGREGATE_AGR","2005",170.675,
"GRC","XA:1854","EMP_2EMP_SEX_ECO_NB","SEX_T","ECO_AGGREGATE_TOTAL","2005",4378.37,
"GRC","XA:1854","EMP_2EMP_SEX_ECO_NB","SEX_T","ECO_AGGREGATE_AGR","2005",496.465,"A"
"GTM","XA:1956","EMP_2EMP_SEX_ECO_NB","SEX_T","ECO_AGGREGATE_TOTAL","2005",4606.819,
"GTM","XA:1956","EMP_2EMP_SEX_ECO_NB","SEX_T","ECO_AGGREGATE_AGR","2005",1596.74,
"GUM","XA:1960","EMP_2EMP_SEX_ECO_NB","SEX_T","ECO_AGGREGATE_TOTAL","2005",65.999,
"GUM","XA:1960","EMP_2EMP_SEX_ECO_NB","SEX_T","ECO_AGGREGATE_AGR","2005",0.263,
"GUY","XA:1839","EMP_2EMP_SEX_ECO_NB","SEX_T","ECO_AGGREGATE_TOTAL","2005",246.757,
"GUY","XA:1839","EMP_2EMP_SEX_ECO_NB","SEX_T","ECO_AGGREGATE_AGR","2005",55.079,
"HKG","XA:1964","EMP_2EMP_SEX_ECO_NB","SEX_T","ECO_AGGREGATE_TOTAL","2005",3378.284,
"HKG","XA:1964","EMP_2EMP_SEX_ECO_NB","SEX_T","ECO_AGGREGATE_AGR","2005",9.687,"A"
"HND","XA:1893","EMP_2EMP_SEX_ECO_NB","SEX_T","ECO_AGGREGATE_TOTAL","2005",2588.942,
"HND","XA:1893","EMP_2EMP_SEX_ECO_NB","SEX_T","ECO_AGGREGATE_AGR","2005",857.173,"A"
"HRV","XA:2115","EMP_2EMP_SEX_ECO_NB","SEX_T","ECO_AGGREGATE_TOTAL","2005",1670.875,
"HRV","XA:2115","EMP_2EMP_SEX_ECO_NB","SEX_T","ECO_AGGREGATE_AGR","2005",289.062,"A"
"HTI","XA:1858","EMP_2EMP_SEX_ECO_NB","SEX_T","ECO_AGGREGATE_TOTAL","2005",3042.851,
"HTI","XA:1858","EMP_2EMP_SEX_ECO_NB","SEX_T","ECO_AGGREGATE_AGR","2005",1525.702,
"HUN","XA:1972","EMP_2EMP_SEX_ECO_NB","SEX_T","ECO_AGGREGATE_TOTAL","2005",4128.019,
"HUN","XA:1972","EMP_2EMP_SEX_ECO_NB","SEX_T","ECO_AGGREGATE_AGR","2005",200.885,"A"
"IDN","XA:1897","EMP_2EMP_SEX_ECO_NB","SEX_T","ECO_AGGREGATE_TOTAL","2005",97101.972,
"IDN","XA:1897","EMP_2EMP_SEX_ECO_NB","SEX_T","ECO_AGGREGATE_AGR","2005",42719.794,"A"
"IND","XA:1976","EMP_2EMP_SEX_ECO_NB","SEX_T","ECO_AGGREGATE_TOTAL","2005",420483.396,
"IND","XA:1976","EMP_2EMP_SEX_ECO_NB","SEX_T","ECO_AGGREGATE_AGR","2005",231351.849,"A"
"IRL","XA:1832","EMP_2EMP_SEX_ECO_NB","SEX_T","ECO_AGGREGATE_TOTAL","2005",2074.892,
"IRL","XA:1832","EMP_2EMP_SEX_ECO_NB","SEX_T","ECO_AGGREGATE_AGR","2005",122.546,"A"
"IRN","XA:1980","EMP_2EMP_SEX_ECO_NB","SEX_T","ECO_AGGREGATE_TOTAL","2005",21545.541,
"IRN","XA:1980","EMP_2EMP_SEX_ECO_NB","SEX_T","ECO_AGGREGATE_AGR","2005",4490.937,
"IRQ","XA:1901","EMP_2EMP_SEX_ECO_NB","SEX_T","ECO_AGGREGATE_TOTAL","2005",6231.634,
"IRQ","XA:1901","EMP_2EMP_SEX_ECO_NB","SEX_T","ECO_AGGREGATE_AGR","2005",846.716,
"ISL","XA:1984","EMP_2EMP_SEX_ECO_NB","SEX_T","ECO_AGGREGATE_TOTAL","2005",170.512,
"ISL","XA:1984","EMP_2EMP_SEX_ECO_NB","SEX_T","ECO_AGGREGATE_AGR","2005",11.134,"A"
"ISR","XA:1862","EMP_2EMP_SEX_ECO_NB","SEX_T","ECO_AGGREGATE_TOTAL","2005",2659.413,
"ISR","XA:1862","EMP_2EMP_SEX_ECO_NB","SEX_T","ECO_AGGREGATE_AGR","2005",53.492,"A"
"ITA","XA:1988","EMP_2EMP_SEX_ECO_NB","SEX_T","ECO_AGGREGATE_TOTAL","2005",22684.051,
"ITA","XA:1988","EMP_2EMP_SEX_ECO_NB","SEX_T","ECO_AGGREGATE_AGR","2005",952.346,"A"
"JAM","XA:1905","EMP_2EMP_SEX_ECO_NB","SEX_T","ECO_AGGREGATE_TOTAL","2005",1135.601,
"JAM","XA:1905","EMP_2EMP_SEX_ECO_NB","SEX_T","ECO_AGGREGATE_AGR","2005",205.639,"A"
"JOR","XA:1992","EMP_2EMP_SEX_ECO_NB","SEX_T","ECO_AGGREGATE_TOTAL","2005",1211.466,
"JOR","XA:1992","EMP_2EMP_SEX_ECO_NB","SEX_T","ECO_AGGREGATE_AGR","2005",48.392,
"JPN","XA:1843","EMP_2EMP_SEX_ECO_NB","SEX_T","ECO_AGGREGATE_TOTAL","2005",63691.022,
"JPN","XA:1843","EMP_2EMP_SEX_ECO_NB","SEX_T","ECO_AGGREGATE_AGR","2005",2751.079,"A"
"KAZ","XA:1996","EMP_2EMP_SEX_ECO_NB","SEX_T","ECO_AGGREGATE_TOTAL","2005",7666.644,
"KAZ","XA:1996","EMP_2EMP_SEX_ECO_NB","SEX_T","ECO_AGGREGATE_AGR","2005",2484.395,"A"
"KEN","XA:1909","EMP_2EMP_SEX_ECO_NB","SEX_T","ECO_AGGREGATE_TOTAL","2005",14159.572,
"KEN","XA:1909","EMP_2EMP_SEX_ECO_NB","SEX_T","ECO_AGGREGATE_AGR","2005",6002.404,
"KGZ","XA:2000","EMP_2EMP_SEX_ECO_NB","SEX_T","ECO_AGGREGATE_TOTAL","2005",2506.302,
"KGZ","XA:2000","EMP_2EMP_SEX_ECO_NB","SEX_T","ECO_AGGREGATE_AGR","2005",964.872,"A"
"KHM","XA:1866","EMP_2EMP_SEX_ECO_NB","SEX_T","ECO_AGGREGATE_TOTAL","2005",6707.313,
"KHM","XA:1866","EMP_2EMP_SEX_ECO_NB","SEX_T","ECO_AGGREGATE_AGR","2005",4164.08,
"KOR","XA:2004","EMP_2EMP_SEX_ECO_NB","SEX_T","ECO_AGGREGATE_TOTAL","2005",22959.313,
"KOR","XA:2004","EMP_2EMP_SEX_ECO_NB","SEX_T","ECO_AGGREGATE_AGR","2005",1805.195,"A"
"KWT","XA:1913","EMP_2EMP_SEX_ECO_NB","SEX_T","ECO_AGGREGATE_TOTAL","2005",1130.449,
"KWT","XA:1913","EMP_2EMP_SEX_ECO_NB","SEX_T","ECO_AGGREGATE_AGR","2005",29.87,"A"
"LAO","XA:2008","EMP_2EMP_SEX_ECO_NB","SEX_T","ECO_AGGREGATE_TOTAL","2005",2104.156,
"LAO","XA:2008","EMP_2EMP_SEX_ECO_NB","SEX_T","ECO_AGGREGATE_AGR","2005",1626.733,
"LBN","XA:2009","EMP_2EMP_SEX_ECO_NB","SEX_T","ECO_AGGREGATE_TOTAL","2005",1334.641,
"LBN","XA:2009","EMP_2EMP_SEX_ECO_NB","SEX_T","ECO_AGGREGATE_AGR","2005",69.687,
"LBR","XA:1916","EMP_2EMP_SEX_ECO_NB","SEX_T","ECO_AGGREGATE_TOTAL","2005",1414.204,
"LBR","XA:1916","EMP_2EMP_SEX_ECO_NB","SEX_T","ECO_AGGREGATE_AGR","2005",734.057,
"LBY","XA:1869","EMP_2EMP_SEX_ECO_NB","SEX_T","ECO_AGGREGATE_TOTAL","2005",1529.357,
"LBY","XA:1869","EMP_2EMP_SEX_ECO_NB","SEX_T","ECO_AGGREGATE_AGR","2005",177.509,
"LCA","XA:2015","EMP_2EMP_SEX_ECO_NB","SEX_T","ECO_AGGREGATE_TOTAL","2005",62.878,
"LCA","XA:2015","EMP_2EMP_SEX_ECO_NB","SEX_T","ECO_AGGREGATE_AGR","2005",8.66,"A"
"LKA","XA:2017","EMP_2EMP_SEX_ECO_NB","SEX_T","ECO_AGGREGATE_TOTAL","2005",7535.471,
"LKA","XA:2017","EMP_2EMP_SEX_ECO_NB","SEX_T","ECO_AGGREGATE_AGR","2005",2481.911,"A"
"LSO","XA:1920","EMP_2EMP_SEX_ECO_NB","SEX_T","ECO_AGGREGATE_TOTAL","2005",715.869,
"LSO","XA:1920","EMP_2EMP_SEX_ECO_NB","SEX_T","ECO_AGGREGATE_AGR","2005",274.485,
"LTU","XA:1871","EMP_2EMP_SEX_ECO_NB","SEX_T","ECO_AGGREGATE_TOTAL","2005",1422.428,
"LTU","XA:1871","EMP_2EMP_SEX_ECO_NB","SEX_T","ECO_AGGREGATE_AGR","2005",202.997,"A"
"LUX","XA:1922","EMP_2EMP_SEX_ECO_NB","SEX_T","ECO_AGGREGATE_TOTAL","2005",200.661,
"LUX","XA:1922","EMP_2EMP_SEX_ECO_NB","SEX_T","ECO_AGGREGATE_AGR","2005",3.483,"A"
"LVA","XA:1835","EMP_2EMP_SEX_ECO_NB","SEX_T","ECO_AGGREGATE_TOTAL","2005",982.693,
"LVA","XA:1835","EMP_2EMP_SEX_ECO_NB","SEX_T","ECO_AGGREGATE_AGR","2005",118.426,"A"
"MAC","XA:1924","EMP_2EMP_SEX_ECO_NB","SEX_T","ECO_AGGREGATE_TOTAL","2005",251.927,
"MAC","XA:1924","EMP_2EMP_SEX_ECO_NB","SEX_T","ECO_AGGREGATE_AGR","2005",1.008,"A"
"MAR","XA:2029","EMP_2EMP_SEX_ECO_NB","SEX_T","ECO_AGGREGATE_TOTAL","2005",9406.497,
"MAR","XA:2029","EMP_2EMP_SEX_ECO_NB","SEX_T","ECO_AGGREGATE_AGR","2005",4277.659,"A"
"MDA","XA:2031","EMP_2EMP_SEX_ECO_NB","SEX_T","ECO_AGGREGATE_TOTAL","2005",1664.918,
"MDA","XA:2031","EMP_2EMP_SEX_ECO_NB","SEX_T","ECO_AGGREGATE_AGR","2005",817.976,
"MDG","XA:1848","EMP_2EMP_SEX_ECO_NB","SEX_T","ECO_AGGREGATE_TOTAL","2005",8847.424,
"MDG","XA:1848","EMP_2EMP_SEX_ECO_NB","SEX_T","ECO_AGGREGATE_AGR","2005",7251.711,"A"
"MDV","XA:1928","EMP_2EMP_SEX_ECO_NB","SEX_T","ECO_AGGREGATE_TOTAL","2005",101.809,
"MDV","XA:1928","EMP_2EMP_SEX_ECO_NB","SEX_T","ECO_AGGREGATE_AGR","2005",17.554,
"MEX","XA:1875","EMP_2EMP_SEX_ECO_NB","SEX_T","ECO_AGGREGATE_TOTAL","2005",41675.83,
"MEX","XA:1875","EMP_2EMP_SEX_ECO_NB","SEX_T","ECO_AGGREGATE_AGR","2005",6516.622,"A"
"MKD","XA:2039","EMP_2EMP_SEX_ECO_NB","SEX_T","ECO_AGGREGATE_TOTAL","2005",549.564,
"MKD","XA:2039","EMP_2EMP_SEX_ECO_NB","SEX_T","ECO_AGGREGATE_AGR","2005",101.333,
"MLI","XA:1830","EMP_2EMP_SEX_ECO_NB","SEX_T","ECO_AGGREGATE_TOTAL","2005",5016.307,
"MLI","XA:1830","EMP_2EMP_SEX_ECO_NB","SEX_T","ECO_AGGREGATE_AGR","2005",3205.531,
"MLT","XA:1932","EMP_2EMP_SEX_ECO_NB","SEX_T","ECO_AGGREGATE_TOTAL","2005",154.769,
"MLT","XA:1932","EMP_2EMP_SEX_ECO_NB","SEX_T","ECO_AGGREGATE_AGR","2005",3.243,"A"
"MMR","XA:1877","EMP_2EMP_SEX_ECO_NB","SEX_T","ECO_AGGREGATE_TOTAL","2005",21924.176,
"MMR","XA:1877","EMP_2EMP_SEX_ECO_NB","SEX_T","ECO_AGGREGATE_AGR","2005",12632.2,
"MNE","XA:2234","EMP_2EMP_SEX_ECO_NB","SEX_T","ECO_AGGREGATE_TOTAL","2005",169.488,
"MNE","XA:2234","EMP_2EMP_SEX_ECO_NB","SEX_T","ECO_AGGREGATE_AGR","2005",14.627,"A"
"MNG","XA:1934","EMP_2EMP_SEX_ECO_NB","SEX_T","ECO_AGGREGATE_TOTAL","2005",993.636,
"MNG","XA:1934","EMP_2EMP_SEX_ECO_NB","SEX_T","ECO_AGGREGATE_AGR","2005",417.633,"A"
"MOZ","XA:1850","EMP_2EMP_SEX_ECO_NB","SEX_T","ECO_AGGREGATE_TOTAL","2005",9148.273,
"MOZ","XA:1850","EMP_2EMP_SEX_ECO_NB","SEX_T","ECO_AGGREGATE_AGR","2005",7269.487,
"MRT","XA:1936","EMP_2EMP_SEX_ECO_NB","SEX_T","ECO_AGGREGATE_TOTAL","2005",666.535,
"MRT","XA:1936","EMP_2EMP_SEX_ECO_NB","SEX_T","ECO_AGGREGATE_AGR","2005",277.508,
"MUS","XA:1938","EMP_2EMP_SEX_ECO_NB","SEX_T","ECO_AGGREGATE_TOTAL","2005",512.914,
"MUS","XA:1938","EMP_2EMP_SEX_ECO_NB","SEX_T","ECO_AGGREGATE_AGR","2005",51.402,"A"
"MWI","XA:1837","EMP_2EMP_SEX_ECO_NB","SEX_T","ECO_AGGREGATE_TOTAL","2005",5322.329,
"MWI","XA:1837","EMP_2EMP_SEX_ECO_NB","SEX_T","ECO_AGGREGATE_AGR","2005",3830.461,
"MYS","XA:1940","EMP_2EMP_SEX_ECO_NB","SEX_T","ECO_AGGREGATE_TOTAL","2005",10595.954,
"MYS","XA:1940","EMP_2EMP_SEX_ECO_NB","SEX_T","ECO_AGGREGATE_AGR","2005",1550.988,"A"
"NAM","XA:1881","EMP_2EMP_SEX_ECO_NB","SEX_T","ECO_AGGREGATE_TOTAL","2005",515.888,
"NAM","XA:1881","EMP_2EMP_SEX_ECO_NB","SEX_T","ECO_AGGREGATE_AGR","2005",156.54,
"NCL","XA:1942","EMP_2EMP_SEX_ECO_NB","SEX_T","ECO_AGGREGATE_TOTAL","2005",96.305,
"NCL","XA:1942","EMP_2EMP_SEX_ECO_NB","SEX_T","ECO_AGGREGATE_AGR","2005",3.508,
"NER","XA:1852","EMP_2EMP_SEX_ECO_NB","SEX_T","ECO_AGGREGATE_TOTAL","2005",5440.94,
"NER","XA:1852","EMP_2EMP_SEX_ECO_NB","SEX_T","ECO_AGGREGATE_AGR","2005",4282.508,
"NGA","XA:1944","EMP_2EMP_SEX_ECO_NB","SEX_T","ECO_AGGREGATE_TOTAL","2005",64427.266,
"NGA","XA:1944","EMP_2EMP_SEX_ECO_NB","SEX_T","ECO_AGGREGATE_AGR","2005",28939.76,
"NIC","XA:1883","EMP_2EMP_SEX_ECO_NB","SEX_T","ECO_AGGREGATE_TOTAL","2005",1978.377,
"NIC","XA:1883","EMP_2EMP_SEX_ECO_NB","SEX_T","ECO_AGGREGATE_AGR","2005",571.611,"A"
"NLD","XA:1946","EMP_2EMP_SEX_ECO_NB","SEX_T","ECO_AGGREGATE_TOTAL","2005",8511.687,
"NLD","XA:1946","EMP_2EMP_SEX_ECO_NB","SEX_T","ECO_AGGREGATE_AGR","2005",315.047,"A"
"NOR","XA:2206","EMP_2EMP_SEX_ECO_NB","SEX_T","ECO_AGGREGATE_TOTAL","2005",2378.28,
"NOR","XA:2206","EMP_2EMP_SEX_ECO_NB","SEX_T","ECO_AGGREGATE_AGR","2005",78.479,"A"
"NPL","XA:1947","EMP_2EMP_SEX_ECO_NB","SEX_T","ECO_AGGREGATE_TOTAL","2005",5909.586,
"NPL","XA:1947","EMP_2EMP_SEX_ECO_NB","SEX_T","ECO_AGGREGATE_AGR","2005",4300.571,
"NZL","XA:1884","EMP_2EMP_SEX_ECO_NB","SEX_T","ECO_AGGREGATE_TOTAL","2005",2097.155,
"NZL","XA:1884","EMP_2EMP_SEX_ECO_NB","SEX_T","ECO_AGGREGATE_AGR","2005",150.085,"A"
"OMN","XA:1949","EMP_2EMP_SEX_ECO_NB","SEX_T","ECO_AGGREGATE_TOTAL","2005",898.216,
"OMN","XA:1949","EMP_2EMP_SEX_ECO_NB","SEX_T","ECO_AGGREGATE_AGR","2005",71.427,
"PAK","XA:2080","EMP_2EMP_SEX_ECO_NB","SEX_T","ECO_AGGREGATE_TOTAL","2005",51552.293,
"PAK","XA:2080","EMP_2EMP_SEX_ECO_NB","SEX_T","ECO_AGGREGATE_AGR","2005",22202.601,"A"
"PAN","XA:2082","EMP_2EMP_SEX_ECO_NB","SEX_T","ECO_AGGREGATE_TOTAL","2005",1393.868,
"PAN","XA:2082","EMP_2EMP_SEX_ECO_NB","SEX_T","ECO_AGGREGATE_AGR","2005",218.57,"A"
"PER","XA:2084","EMP_2EMP_SEX_ECO_NB","SEX_T","ECO_AGGREGATE_TOTAL","2005",13341.581,
"PER","XA:2084","EMP_2EMP_SEX_ECO_NB","SEX_T","ECO_AGGREGATE_AGR","2005",4588.409,
"PHL","XA:2086","EMP_2EMP_SEX_ECO_NB","SEX_T","ECO_AGGREGATE_TOTAL","2005",32726.255,
"PHL","XA:2086","EMP_2EMP_SEX_ECO_NB","SEX_T","ECO_AGGREGATE_AGR","2005",11496.093,
"PNG","XA:2088","EMP_2EMP_SEX_ECO_NB","SEX_T","ECO_AGGREGATE_TOTAL","2005",2386.849,
"PNG","XA:2088","EMP_2EMP_SEX_ECO_NB","SEX_T","ECO_AGGREGATE_AGR","2005",684.998,
"POL","XA:2090","EMP_2EMP_SEX_ECO_NB","SEX_T","ECO_AGGREGATE_TOTAL","2005",14408.958,
"POL","XA:2090","EMP_2EMP_SEX_ECO_NB","SEX_T","ECO_AGGREGATE_AGR","2005",2504.02,"A"
"PRI","XA:2092","EMP_2EMP_SEX_ECO_NB","SEX_T","ECO_AGGREGATE_TOTAL","2005",1252.549,
"PRI","XA:2092","EMP_2EMP_SEX_ECO_NB","SEX_T","ECO_AGGREGATE_AGR","2005",26.011,"A"
"PRK","XA:1957","EMP_2EMP_SEX_ECO_NB","SEX_T","ECO_AGGREGATE_TOTAL","2005",14765.341,
"PRK","XA:1957","EMP_2EMP_SEX_ECO_NB","SEX_T","ECO_AGGREGATE_AGR","2005",7923.041,
"PRT","XA:2096","EMP_2EMP_SEX_ECO_NB","SEX_T","ECO_AGGREGATE_TOTAL","2005",5047.068,
"PRT","XA:2096","EMP_2EMP_SEX_ECO_NB","SEX_T","ECO_AGGREGATE_AGR","2005",607.981,"A"
"PRY","XA:2098","EMP_2EMP_SEX_ECO_NB","SEX_T","ECO_AGGREGATE_TOTAL","2005",2337.805,
"PRY","XA:2098","EMP_2EMP_SEX_ECO_NB","SEX_T","ECO_AGGREGATE_AGR","2005",748.478,"A"
"PSE","XA:2100","EMP_2EMP_SEX_ECO_NB","SEX_T","ECO_AGGREGATE_TOTAL","2005",604.925,
"PSE","XA:2100","EMP_2EMP_SEX_ECO_NB","SEX_T","ECO_AGGREGATE_AGR","2005",90.936,"A"
"PYF","XA:2102","EMP_2EMP_SEX_ECO_NB","SEX_T","ECO_AGGREGATE_TOTAL","2005",92.81,
"PYF","XA:2102","EMP_2EMP_SEX_ECO_NB","SEX_T","ECO_AGGREGATE_AGR","2005",3.287,"A"
"QAT","XA:2104","EMP_2EMP_SEX_ECO_NB","SEX_T","ECO_AGGREGATE_TOTAL","2005",522.938,
"QAT","XA:2104","EMP_2EMP_SEX_ECO_NB","SEX_T","ECO_AGGREGATE_AGR","2005",14.99,
"ROU","XA:2108","EMP_2EMP_SEX_ECO_NB","SEX_T","ECO_AGGREGATE_TOTAL","2005",8399.219,
"ROU","XA:2108","EMP_2EMP_SEX_ECO_NB","SEX_T","ECO_AGGREGATE_AGR","2005",2712.146,"A"
"RUS","XA:2110","EMP_2EMP_SEX_ECO_NB","SEX_T","ECO_AGGREGATE_TOTAL","2005",69379.711,
"RUS","XA:2110","EMP_2EMP_SEX_ECO_NB","SEX_T","ECO_AGGREGATE_AGR","2005",7035.185,"A"
"RWA","XA:2112","EMP_2EMP_SEX_ECO_NB","SEX_T","ECO_AGGREGATE_TOTAL","2005",2788.296,
"RWA","XA:2112","EMP_2EMP_SEX_ECO_NB","SEX_T","ECO_AGGREGATE_AGR","2005",2381.057,
"SAU","XA:2114","EMP_2EMP_SEX_ECO_NB","SEX_T","ECO_AGGREGATE_TOTAL","2005",6204.835,
"SAU","XA:2114","EMP_2EMP_SEX_ECO_NB","SEX_T","ECO_AGGREGATE_AGR","2005",423.48,
"SDN","XA:2116","EMP_2EMP_SEX_ECO_NB","SEX_T","ECO_AGGREGATE_TOTAL","2005",7122.189,
"SDN","XA:2116","EMP_2EMP_SEX_ECO_NB","SEX_T","ECO_AGGREGATE_AGR","2005",3445.601,
"SEN","XA:2118","EMP_2EMP_SEX_ECO_NB","SEX_T","ECO_AGGREGATE_TOTAL","2005",3121.277,
"SEN","XA:2118","EMP_2EMP_SEX_ECO_NB","SEX_T","ECO_AGGREGATE_AGR","2005",1299.022,
"SGP","XA:2120","EMP_2EMP_SEX_ECO_NB","SEX_T","ECO_AGGREGATE_TOTAL","2005",2174.442,
"SGP","XA:2120","EMP_2EMP_SEX_ECO_NB","SEX_T","ECO_AGGREGATE_AGR","2005",23.236,"A"
"SLB","XA:2122","EMP_2EMP_SEX_ECO_NB","SEX_T","ECO_AGGREGATE_TOTAL","2005",234.382,
"SLB","XA:2122","EMP_2EMP_SEX_ECO_NB","SEX_T","ECO_AGGREGATE_AGR","2005",88.598,"A"
"SLE","XA:2124","EMP_2EMP_SEX_ECO_NB","SEX_T","ECO_AGGREGATE_TOTAL","2005",1941.545,
"SLE","XA:2124","EMP_2EMP_SEX_ECO_NB","SEX_T","ECO_AGGREGATE_AGR","2005",1323.725,
"SLV","XA:2126","EMP_2EMP_SEX_ECO_NB","SEX_T","ECO_AGGREGATE_TOTAL","2005",2197.115,
"SLV","XA:2126","EMP_2EMP_SEX_ECO_NB","SEX_T","ECO_AGGREGATE_AGR","2005",439.254,"A"
"SOM","XA:2128","EMP_2EMP_SEX_ECO_NB","SEX_T","ECO_AGGREGATE_TOTAL","2005",1535.927,
"SOM","XA:2128","EMP_2EMP_SEX_ECO_NB","SEX_T","ECO_AGGREGATE_AGR","2005",550.429,
"SRB","XA:2130","EMP_2EMP_SEX_ECO_NB","SEX_T","ECO_AGGREGATE_TOTAL","2005",2715.68,
"SRB","XA:2130","EMP_2EMP_SEX_ECO_NB","SEX_T","ECO_AGGREGATE_AGR","2005",633.319,"A"
"SSD","XA:8371","EMP_2EMP_SEX_ECO_NB","SEX_T","ECO_AGGREGATE_TOTAL","2005",2708.658,
"SSD","XA:8371","EMP_2EMP_SEX_ECO_NB","SEX_T","ECO_AGGREGATE_AGR","2005",1697.42,
"STP","XA:2132","EMP_2EMP_SEX_ECO_NB","SEX_T","ECO_AGGREGATE_TOTAL","2005",18.832,
"STP","XA:2132","EMP_2EMP_SEX_ECO_NB","SEX_T","ECO_AGGREGATE_AGR","2005",3.751,"A"
"SUR","XA:2134","EMP_2EMP_SEX_ECO_NB","SEX_T","ECO_AGGREGATE_TOTAL","2005",162.67,
"SUR","XA:2134","EMP_2EMP_SEX_ECO_NB","SEX_T","ECO_AGGREGATE_AGR","2005",13.54,
"SVK","XA:2136","EMP_2EMP_SEX_ECO_NB","SEX_T","ECO_AGGREGATE_TOTAL","2005",2225.026,
"SVK","XA:2136","EMP_2EMP_SEX_ECO_NB","SEX_T","ECO_AGGREGATE_AGR","2005",105.639,"A"
"SVN","XA:2138","EMP_2EMP_SEX_ECO_NB","SEX_T","ECO_AGGREGATE_TOTAL","2005",949.819,
"SVN","XA:2138","EMP_2EMP_SEX_ECO_NB","SEX_T","ECO_AGGREGATE_AGR","2005",85.319,"A"
"SWE","XA:2140","EMP_2EMP_SEX_ECO_NB","SEX_T","ECO_AGGREGATE_TOTAL","2005",4347.564,
"SWE","XA:2140","EMP_2EMP_SEX_ECO_NB","SEX_T","ECO_AGGREGATE_AGR","2005",100.861,"A"
"SWZ","XA:2142","EMP_2EMP_SEX_ECO_NB","SEX_T","ECO_AGGREGATE_TOTAL","2005",244.733,
"SWZ","XA:2142","EMP_2EMP_SEX_ECO_NB","SEX_T","ECO_AGGREGATE_AGR","2005",41.539,
"SYR","XA:2144","EMP_2EMP_SEX_ECO_NB","SEX_T","ECO_AGGREGATE_TOTAL","2005",4869.327,
"SYR","XA:2144","EMP_2EMP_SEX_ECO_NB","SEX_T","ECO_AGGREGATE_AGR","2005",1071.459,
"TCD","XA:2146","EMP_2EMP_SEX_ECO_NB","SEX_T","ECO_AGGREGATE_TOTAL","2005",3517.967,
"TCD","XA:2146","EMP_2EMP_SEX_ECO_NB","SEX_T","ECO_AGGREGATE_AGR","2005",2671.542,
"TGO","XA:2148","EMP_2EMP_SEX_ECO_NB","SEX_T","ECO_AGGREGATE_TOTAL","2005",1897.566,
"TGO","XA:2148","EMP_2EMP_SEX_ECO_NB","SEX_T","ECO_AGGREGATE_AGR","2005",1033.648,
"THA","XA:2150","EMP_2EMP_SEX_ECO_NB","SEX_T","ECO_AGGREGATE_TOTAL","2005",37041.108,
"THA","XA:2150","EMP_2EMP_SEX_ECO_NB","SEX_T","ECO_AGGREGATE_AGR","2005",16246.385,
"TJK","XA:2152","EMP_2EMP_SEX_ECO_NB","SEX_T","ECO_AGGREGATE_TOTAL","2005",1826.519,
"TJK","XA:2152","EMP_2EMP_SEX_ECO_NB","SEX_T","ECO_AGGREGATE_AGR","2005",1008.884,
"TKM","XA:1987","EMP_2EMP_SEX_ECO_NB","SEX_T","ECO_AGGREGATE_TOTAL","2005",1629.59,
"TKM","XA:1987","EMP_2EMP_SEX_ECO_NB","SEX_T","ECO_AGGREGATE_AGR","2005",564.205,
"TLS","XA:2156","EMP_2EMP_SEX_ECO_NB","SEX_T","ECO_AGGREGATE_TOTAL","2005",369.732,
"TLS","XA:2156","EMP_2EMP_SEX_ECO_NB","SEX_T","ECO_AGGREGATE_AGR","2005",202.477,
"TON","XA:2158","EMP_2EMP_SEX_ECO_NB","SEX_T","ECO_AGGREGATE_TOTAL","2005",36.62,
"TON","XA:2158","EMP_2EMP_SEX_ECO_NB","SEX_T","ECO_AGGREGATE_AGR","2005",11.707,
"TTO","XA:2160","EMP_2EMP_SEX_ECO_NB","SEX_T","ECO_AGGREGATE_TOTAL","2005",644.375,
"TTO","XA:2160","EMP_2EMP_SEX_ECO_NB","SEX_T","ECO_AGGREGATE_AGR","2005",27.972,"A"
"TUN","XA:2162","EMP_2EMP_SEX_ECO_NB","SEX_T","ECO_AGGREGATE_TOTAL","2005",3045.938,
"TUN","XA:2162","EMP_2EMP_SEX_ECO_NB","SEX_T","ECO_AGGREGATE_AGR","2005",564.266,"A"
"TUR","XA:2164","EMP_2EMP_SEX_ECO_NB","SEX_T","ECO_AGGREGATE_TOTAL","2005",20743.718,
"TUR","XA:2164","EMP_2EMP_SEX_ECO_NB","SEX_T","ECO_AGGREGATE_AGR","2005",5327.808,"A"
"TWN","XA:8368","EMP_2EMP_SEX_ECO_NB","SEX_T","ECO_AGGREGATE_TOTAL","2005",10312.999,
"TWN","XA:8368","EMP_2EMP_SEX_ECO_NB","SEX_T","ECO_AGGREGATE_AGR","2005",633.226,"A"
"TZA","XA:2166","EMP_2EMP_SEX_ECO_NB","SEX_T","ECO_AGGREGATE_TOTAL","2005",18414.094,
"TZA","XA:2166","EMP_2EMP_SEX_ECO_NB","SEX_T","ECO_AGGREGATE_AGR","2005",13771.322,
"UGA","XA:2168","EMP_2EMP_SEX_ECO_NB","SEX_T","ECO_AGGREGATE_TOTAL","2005",10154.311,
"UGA","XA:2168","EMP_2EMP_SEX_ECO_NB","SEX_T","ECO_AGGREGATE_AGR","2005",7998.903,
"UKR","XA:2170","EMP_2EMP_SEX_ECO_NB","SEX_T","ECO_AGGREGATE_TOTAL","2005",21115.075,
"UKR","XA:2170","EMP_2EMP_SEX_ECO_NB","SEX_T","ECO_AGGREGATE_AGR","2005",4319.831,"A"
"URY","XA:2172","EMP_2EMP_SEX_ECO_NB","SEX_T","ECO_AGGREGATE_TOTAL","2005",1315.913,
"URY","XA:2172","EMP_2EMP_SEX_ECO_NB","SEX_T","ECO_AGGREGATE_AGR","2005",137.084,
"USA","XA:2174","EMP_2EMP_SEX_ECO_NB","SEX_T","ECO_AGGREGATE_TOTAL","2005",145434.638,
"USA","XA:2174","EMP_2EMP_SEX_ECO_NB","SEX_T","ECO_AGGREGATE_AGR","2005",2461.893,"A"
"UZB","XA:2176","EMP_2EMP_SEX_ECO_NB","SEX_T","ECO_AGGREGATE_TOTAL","2005",9977.156,
"UZB","XA:2176","EMP_2EMP_SEX_ECO_NB","SEX_T","ECO_AGGREGATE_AGR","2005",2042.283,
"VCT","XA:2178","EMP_2EMP_SEX_ECO_NB","SEX_T","ECO_AGGREGATE_TOTAL","2005",41.744,
"VCT","XA:2178","EMP_2EMP_SEX_ECO_NB","SEX_T","ECO_AGGREGATE_AGR","2005",5.919,
"VEN","XA:2180","EMP_2EMP_SEX_ECO_NB","SEX_T","ECO_AGGREGATE_TOTAL","2005",10489.93,
"VEN","XA:2180","EMP_2EMP_SEX_ECO_NB","SEX_T","ECO_AGGREGATE_AGR","2005",1078.921,"A"
"VIR","XA:2182","EMP_2EMP_SEX_ECO_NB","SEX_T","ECO_AGGREGATE_TOTAL","2005",46.033,
"VIR","XA:2182","EMP_2EMP_SEX_ECO_NB","SEX_T","ECO_AGGREGATE_AGR","2005",0.972,
"VNM","XA:2184","EMP_2EMP_SEX_ECO_NB","SEX_T","ECO_AGGREGATE_TOTAL","2005",42616.276,
"VNM","XA:2184","EMP_2EMP_SEX_ECO_NB","SEX_T","ECO_AGGREGATE_AGR","2005",23392.943,
"VUT","XA:2186","EMP_2EMP_SEX_ECO_NB","SEX_T","ECO_AGGREGATE_TOTAL","2005",89.25,
"VUT","XA:2186","EMP_2EMP_SEX_ECO_NB","SEX_T","ECO_AGGREGATE_AGR","2005",57.414,
"WSM","XA:2188","EMP_2EMP_SEX_ECO_NB","SEX_T","ECO_AGGREGATE_TOTAL","2005",59.488,
"WSM","XA:2188","EMP_2EMP_SEX_ECO_NB","SEX_T","ECO_AGGREGATE_AGR","2005",21.572,
"X01","XA:8405","EMP_2EMP_SEX_ECO_NB","SEX_T","ECO_AGGREGATE_TOTAL","2005",2818476.022,
"X01","XA:8405","EMP_2EMP_SEX_ECO_NB","SEX_T","ECO_AGGREGATE_AGR","2005",1029403.81,
"X02","XA:8402","EMP_2EMP_SEX_ECO_NB","SEX_T","ECO_AGGREGATE_TOTAL","2005",163668.37,
"X02","XA:8402","EMP_2EMP_SEX_ECO_NB","SEX_T","ECO_AGGREGATE_AGR","2005",110743.583,
"X03","XA:8403","EMP_2EMP_SEX_ECO_NB","SEX_T","ECO_AGGREGATE_TOTAL","2005",857646.864,
"X03","XA:8403","EMP_2EMP_SEX_ECO_NB","SEX_T","ECO_AGGREGATE_AGR","2005",435981.602,
"X04","XA:8401","EMP_2EMP_SEX_ECO_NB","SEX_T","ECO_AGGREGATE_TOTAL","2005",1202770.64,
"X04","XA:8401","EMP_2EMP_SEX_ECO_NB","SEX_T","ECO_AGGREGATE_AGR","2005",451760.108,
"X05","XA:8404","EMP_2EMP_SEX_ECO_NB","SEX_T","ECO_AGGREGATE_TOTAL","2005",594390.147,
"X05","XA:8404","EMP_2EMP_SEX_ECO_NB","SEX_T","ECO_AGGREGATE_AGR","2005",30918.516,
"X06","XA:8372","EMP_2EMP_SEX_ECO_NB","SEX_T","ECO_AGGREGATE_TOTAL","2005",344472.625,
"X06","XA:8372","EMP_2EMP_SEX_ECO_NB","SEX_T","ECO_AGGREGATE_AGR","2005",190028.705,
"X07","XA:8406","EMP_2EMP_SEX_ECO_NB","SEX_T","ECO_AGGREGATE_TOTAL","2005",134329.316,
"X07","XA:8406","EMP_2EMP_SEX_ECO_NB","SEX_T","ECO_AGGREGATE_AGR","2005",97190.005,
"X08","XA:8407","EMP_2EMP_SEX_ECO_NB","SEX_T","ECO_AGGREGATE_TOTAL","2005",181812.723,
"X08","XA:8407","EMP_2EMP_SEX_ECO_NB","SEX_T","ECO_AGGREGATE_AGR","2005",87474.7,
"X09","XA:8408","EMP_2EMP_SEX_ECO_NB","SEX_T","ECO_AGGREGATE_TOTAL","2005",28330.586,
"X09","XA:8408","EMP_2EMP_SEX_ECO_NB","SEX_T","ECO_AGGREGATE_AGR","2005",5364,
"X10","XA:8373","EMP_2EMP_SEX_ECO_NB","SEX_T","ECO_AGGREGATE_TOTAL","2005",51575.368,
"X10","XA:8373","EMP_2EMP_SEX_ECO_NB","SEX_T","ECO_AGGREGATE_AGR","2005",16909.344,
"X11","XA:8409","EMP_2EMP_SEX_ECO_NB","SEX_T","ECO_AGGREGATE_TOTAL","2005",34289.63,
"X11","XA:8409","EMP_2EMP_SEX_ECO_NB","SEX_T","ECO_AGGREGATE_AGR","2005",11596.793,
"X12","XA:8410","EMP_2EMP_SEX_ECO_NB","SEX_T","ECO_AGGREGATE_TOTAL","2005",10163.549,
"X12","XA:8410","EMP_2EMP_SEX_ECO_NB","SEX_T","ECO_AGGREGATE_AGR","2005",1866.95,
"X13","XA:8374","EMP_2EMP_SEX_ECO_NB","SEX_T","ECO_AGGREGATE_TOTAL","2005",292897.257,
"X13","XA:8374","EMP_2EMP_SEX_ECO_NB","SEX_T","ECO_AGGREGATE_AGR","2005",173119.361,
"X14","XA:8411","EMP_2EMP_SEX_ECO_NB","SEX_T","ECO_AGGREGATE_TOTAL","2005",127207.127,
"X14","XA:8411","EMP_2EMP_SEX_ECO_NB","SEX_T","ECO_AGGREGATE_AGR","2005",93744.405,
"X15","XA:8412","EMP_2EMP_SEX_ECO_NB","SEX_T","ECO_AGGREGATE_TOTAL","2005",147523.093,
"X15","XA:8412","EMP_2EMP_SEX_ECO_NB","SEX_T","ECO_AGGREGATE_AGR","2005",75877.906,
"X16","XA:8413","EMP_2EMP_SEX_ECO_NB","SEX_T","ECO_AGGREGATE_TOTAL","2005",18167.037,
"X16","XA:8413","EMP_2EMP_SEX_ECO_NB","SEX_T","ECO_AGGREGATE_AGR","2005",3497.05,
"X17","XA:8392","EMP_2EMP_SEX_ECO_NB","SEX_T","ECO_AGGREGATE_TOTAL","2005",43716.444,
"X17","XA:8392","EMP_2EMP_SEX_ECO_NB","SEX_T","ECO_AGGREGATE_AGR","2005",28025.692,
"X18","XA:8375","EMP_2EMP_SEX_ECO_NB","SEX_T","ECO_AGGREGATE_TOTAL","2005",118701.785,
"X18","XA:8375","EMP_2EMP_SEX_ECO_NB","SEX_T","ECO_AGGREGATE_AGR","2005",85503.4,
"X19","XA:8376","EMP_2EMP_SEX_ECO_NB","SEX_T","ECO_AGGREGATE_TOTAL","2005",17946.492,
"X19","XA:8376","EMP_2EMP_SEX_ECO_NB","SEX_T","ECO_AGGREGATE_AGR","2005",3454.715,
"X20","XA:8387","EMP_2EMP_SEX_ECO_NB","SEX_T","ECO_AGGREGATE_TOTAL","2005",112532.536,
"X20","XA:8387","EMP_2EMP_SEX_ECO_NB","SEX_T","ECO_AGGREGATE_AGR","2005",56135.554,
"X21","XA:8377","EMP_2EMP_SEX_ECO_NB","SEX_T","ECO_AGGREGATE_TOTAL","2005",391638.047,
"X21","XA:8377","EMP_2EMP_SEX_ECO_NB","SEX_T","ECO_AGGREGATE_AGR","2005",45364.657,
"X23","XA:8415","EMP_2EMP_SEX_ECO_NB","SEX_T","ECO_AGGREGATE_TOTAL","2005",11631.683,
"X23","XA:8415","EMP_2EMP_SEX_ECO_NB","SEX_T","ECO_AGGREGATE_AGR","2005",4507.128,
"X24","XA:8416","EMP_2EMP_SEX_ECO_NB","SEX_T","ECO_AGGREGATE_TOTAL","2005",206487.8,
"X24","XA:8416","EMP_2EMP_SEX_ECO_NB","SEX_T","ECO_AGGREGATE_AGR","2005",36782.565,
"X25","XA:8417","EMP_2EMP_SEX_ECO_NB","SEX_T","ECO_AGGREGATE_TOTAL","2005",173518.564,
"X25","XA:8417","EMP_2EMP_SEX_ECO_NB","SEX_T","ECO_AGGREGATE_AGR","2005",4074.964,
"X26","XA:8378","EMP_2EMP_SEX_ECO_NB","SEX_T","ECO_AGGREGATE_TOTAL","2005",229592.867,
"X26","XA:8378","EMP_2EMP_SEX_ECO_NB","SEX_T","ECO_AGGREGATE_AGR","2005",42550.28,
"X28","XA:8419","EMP_2EMP_SEX_ECO_NB","SEX_T","ECO_AGGREGATE_TOTAL","2005",11631.683,
"X28","XA:8419","EMP_2EMP_SEX_ECO_NB","SEX_T","ECO_AGGREGATE_AGR","2005",4507.128,
"X29","XA:8420","EMP_2EMP_SEX_ECO_NB","SEX_T","ECO_AGGREGATE_TOTAL","2005",206487.8,
"X29","XA:8420","EMP_2EMP_SEX_ECO_NB","SEX_T","ECO_AGGREGATE_AGR","2005",36782.565,
"X30","XA:8421","EMP_2EMP_SEX_ECO_NB","SEX_T","ECO_AGGREGATE_TOTAL","2005",11473.384,
"X30","XA:8421","EMP_2EMP_SEX_ECO_NB","SEX_T","ECO_AGGREGATE_AGR","2005",1260.587,
"X31","XA:8379","EMP_2EMP_SEX_ECO_NB","SEX_T","ECO_AGGREGATE_TOTAL","2005",14597.913,
"X31","XA:8379","EMP_2EMP_SEX_ECO_NB","SEX_T","ECO_AGGREGATE_AGR","2005",3229.829,
"X32","XA:8380","EMP_2EMP_SEX_ECO_NB","SEX_T","ECO_AGGREGATE_TOTAL","2005",56296.132,
"X32","XA:8380","EMP_2EMP_SEX_ECO_NB","SEX_T","ECO_AGGREGATE_AGR","2005",10486.919,
"X33","XA:8381","EMP_2EMP_SEX_ECO_NB","SEX_T","ECO_AGGREGATE_TOTAL","2005",158698.823,
"X33","XA:8381","EMP_2EMP_SEX_ECO_NB","SEX_T","ECO_AGGREGATE_AGR","2005",28833.532,
"X34","XA:8382","EMP_2EMP_SEX_ECO_NB","SEX_T","ECO_AGGREGATE_TOTAL","2005",162045.179,
"X34","XA:8382","EMP_2EMP_SEX_ECO_NB","SEX_T","ECO_AGGREGATE_AGR","2005",2814.377,
"X35","XA:8422","EMP_2EMP_SEX_ECO_NB","SEX_T","ECO_AGGREGATE_TOTAL","2005",162045.179,
"X35","XA:8422","EMP_2EMP_SEX_ECO_NB","SEX_T","ECO_AGGREGATE_AGR","2005",2814.377,
"X36","XA:8384","EMP_2EMP_SEX_ECO_NB","SEX_T","ECO_AGGREGATE_TOTAL","2005",30825.942,
"X36","XA:8384","EMP_2EMP_SEX_ECO_NB","SEX_T","ECO_AGGREGATE_AGR","2005",4179.415,
"X37","XA:8423","EMP_2EMP_SEX_ECO_NB","SEX_T","ECO_AGGREGATE_TOTAL","2005",3151.031,
"X37","XA:8423","EMP_2EMP_SEX_ECO_NB","SEX_T","ECO_AGGREGATE_AGR","2005",209.015,
"X39","XA:8425","EMP_2EMP_SEX_ECO_NB","SEX_T","ECO_AGGREGATE_TOTAL","2005",12094.622,
"X39","XA:8425","EMP_2EMP_SEX_ECO_NB","SEX_T","ECO_AGGREGATE_AGR","2005",717.194,
"X40","XA:8385","EMP_2EMP_SEX_ECO_NB","SEX_T","ECO_AGGREGATE_TOTAL","2005",1673582.762,
"X40","XA:8385","EMP_2EMP_SEX_ECO_NB","SEX_T","ECO_AGGREGATE_AGR","2005",746492.741,
"X41","XA:8426","EMP_2EMP_SEX_ECO_NB","SEX_T","ECO_AGGREGATE_TOTAL","2005",19990.401,
"X41","XA:8426","EMP_2EMP_SEX_ECO_NB","SEX_T","ECO_AGGREGATE_AGR","2005",11147.088,
"X42","XA:8427","EMP_2EMP_SEX_ECO_NB","SEX_T","ECO_AGGREGATE_TOTAL","2005",646741.449,
"X42","XA:8427","EMP_2EMP_SEX_ECO_NB","SEX_T","ECO_AGGREGATE_AGR","2005",339774.719,
"X43","XA:8428","EMP_2EMP_SEX_ECO_NB","SEX_T","ECO_AGGREGATE_TOTAL","2005",891587.496,
"X43","XA:8428","EMP_2EMP_SEX_ECO_NB","SEX_T","ECO_AGGREGATE_AGR","2005",389830.97,
"X44","XA:8429","EMP_2EMP_SEX_ECO_NB","SEX_T","ECO_AGGREGATE_TOTAL","2005",115263.417,
"X44","XA:8429","EMP_2EMP_SEX_ECO_NB","SEX_T","ECO_AGGREGATE_AGR","2005",5739.963,
"X45","XA:8386","EMP_2EMP_SEX_ECO_NB","SEX_T","ECO_AGGREGATE_TOTAL","2005",840197.378,
"X45","XA:8386","EMP_2EMP_SEX_ECO_NB","SEX_T","ECO_AGGREGATE_AGR","2005",337824.76,
"X47","XA:8431","EMP_2EMP_SEX_ECO_NB","SEX_T","ECO_AGGREGATE_TOTAL","2005",724838.49,
"X47","XA:8431","EMP_2EMP_SEX_ECO_NB","SEX_T","ECO_AGGREGATE_AGR","2005",324701.524,
"X48","XA:8432","EMP_2EMP_SEX_ECO_NB","SEX_T","ECO_AGGREGATE_TOTAL","2005",100593.546,
"X48","XA:8432","EMP_2EMP_SEX_ECO_NB","SEX_T","ECO_AGGREGATE_AGR","2005",5200.195,
"X49","XA:8388","EMP_2EMP_SEX_ECO_NB","SEX_T","ECO_AGGREGATE_TOTAL","2005",268989.403,
"X49","XA:8388","EMP_2EMP_SEX_ECO_NB","SEX_T","ECO_AGGREGATE_AGR","2005",115527.834,
"X51","XA:8434","EMP_2EMP_SEX_ECO_NB","SEX_T","ECO_AGGREGATE_TOTAL","2005",109217.875,
"X51","XA:8434","EMP_2EMP_SEX_ECO_NB","SEX_T","ECO_AGGREGATE_AGR","2005",54367.11,
"X52","XA:8435","EMP_2EMP_SEX_ECO_NB","SEX_T","ECO_AGGREGATE_TOTAL","2005",145101.657,
"X52","XA:8435","EMP_2EMP_SEX_ECO_NB","SEX_T","ECO_AGGREGATE_AGR","2005",60620.956,
"X53","XA:8436","EMP_2EMP_SEX_ECO_NB","SEX_T","ECO_AGGREGATE_TOTAL","2005",14669.871,
"X53","XA:8436","EMP_2EMP_SEX_ECO_NB","SEX_T","ECO_AGGREGATE_AGR","2005",539.768,
"X54","XA:8389","EMP_2EMP_SEX_ECO_NB","SEX_T","ECO_AGGREGATE_TOTAL","2005",253529.241,
"X54","XA:8389","EMP_2EMP_SEX_ECO_NB","SEX_T","ECO_AGGREGATE_AGR","2005",114057.219,
"X55","XA:8390","EMP_2EMP_SEX_ECO_NB","SEX_T","ECO_AGGREGATE_TOTAL","2005",15460.162,
"X55","XA:8390","EMP_2EMP_SEX_ECO_NB","SEX_T","ECO_AGGREGATE_AGR","2005",1470.615,
"X56","XA:8391","EMP_2EMP_SEX_ECO_NB","SEX_T","ECO_AGGREGATE_TOTAL","2005",564395.982,
"X56","XA:8391","EMP_2EMP_SEX_ECO_NB","SEX_T","ECO_AGGREGATE_AGR","2005",293140.147,
"X58","XA:8438","EMP_2EMP_SEX_ECO_NB","SEX_T","ECO_AGGREGATE_TOTAL","2005",537523.573,
"X58","XA:8438","EMP_2EMP_SEX_ECO_NB","SEX_T","ECO_AGGREGATE_AGR","2005",285407.61,
"X59","XA:8439","EMP_2EMP_SEX_ECO_NB","SEX_T","ECO_AGGREGATE_TOTAL","2005",21647.349,
"X59","XA:8439","EMP_2EMP_SEX_ECO_NB","SEX_T","ECO_AGGREGATE_AGR","2005",4508.491,
"X60","XA:8393","EMP_2EMP_SEX_ECO_NB","SEX_T","ECO_AGGREGATE_TOTAL","2005",377956.646,
"X60","XA:8393","EMP_2EMP_SEX_ECO_NB","SEX_T","ECO_AGGREGATE_AGR","2005",43338.292,
"X61","XA:8440","EMP_2EMP_SEX_ECO_NB","SEX_T","ECO_AGGREGATE_TOTAL","2005",14309.978,
"X61","XA:8440","EMP_2EMP_SEX_ECO_NB","SEX_T","ECO_AGGREGATE_AGR","2005",4016.039,
"X62","XA:8441","EMP_2EMP_SEX_ECO_NB","SEX_T","ECO_AGGREGATE_TOTAL","2005",70133.124,
"X62","XA:8441","EMP_2EMP_SEX_ECO_NB","SEX_T","ECO_AGGREGATE_AGR","2005",18935.857,
"X63","XA:8442","EMP_2EMP_SEX_ECO_NB","SEX_T","ECO_AGGREGATE_TOTAL","2005",293513.545,
"X63","XA:8442","EMP_2EMP_SEX_ECO_NB","SEX_T","ECO_AGGREGATE_AGR","2005",20386.396,
"X64","XA:8394","EMP_2EMP_SEX_ECO_NB","SEX_T","ECO_AGGREGATE_TOTAL","2005",189766.541,
"X64","XA:8394","EMP_2EMP_SEX_ECO_NB","SEX_T","ECO_AGGREGATE_AGR","2005",8808.143,
"X65","XA:8443","EMP_2EMP_SEX_ECO_NB","SEX_T","ECO_AGGREGATE_TOTAL","2005",5741.1,
"X65","XA:8443","EMP_2EMP_SEX_ECO_NB","SEX_T","ECO_AGGREGATE_AGR","2005",1508.427,
"X66","XA:8444","EMP_2EMP_SEX_ECO_NB","SEX_T","ECO_AGGREGATE_TOTAL","2005",184025.441,
"X66","XA:8444","EMP_2EMP_SEX_ECO_NB","SEX_T","ECO_AGGREGATE_AGR","2005",7299.716,
"X67","XA:8395","EMP_2EMP_SEX_ECO_NB","SEX_T","ECO_AGGREGATE_TOTAL","2005",46349.023,
"X67","XA:8395","EMP_2EMP_SEX_ECO_NB","SEX_T","ECO_AGGREGATE_AGR","2005",1274.835,
"X68","XA:8396","EMP_2EMP_SEX_ECO_NB","SEX_T","ECO_AGGREGATE_TOTAL","2005",60048.166,
"X68","XA:8396","EMP_2EMP_SEX_ECO_NB","SEX_T","ECO_AGGREGATE_AGR","2005",4972.101,
"X69","XA:8383","EMP_2EMP_SEX_ECO_NB","SEX_T","ECO_AGGREGATE_TOTAL","2005",83369.352,
"X69","XA:8383","EMP_2EMP_SEX_ECO_NB","SEX_T","ECO_AGGREGATE_AGR","2005",2561.208,
"X70","XA:8397","EMP_2EMP_SEX_ECO_NB","SEX_T","ECO_AGGREGATE_TOTAL","2005",133640.72,
"X70","XA:8397","EMP_2EMP_SEX_ECO_NB","SEX_T","ECO_AGGREGATE_AGR","2005",18853.894,
"X72","XA:8446","EMP_2EMP_SEX_ECO_NB","SEX_T","ECO_AGGREGATE_TOTAL","2005",27308.437,
"X72","XA:8446","EMP_2EMP_SEX_ECO_NB","SEX_T","ECO_AGGREGATE_AGR","2005",5844.23,
"X73","XA:8447","EMP_2EMP_SEX_ECO_NB","SEX_T","ECO_AGGREGATE_TOTAL","2005",106332.282,
"X73","XA:8447","EMP_2EMP_SEX_ECO_NB","SEX_T","ECO_AGGREGATE_AGR","2005",13009.664,
"X74","XA:8398","EMP_2EMP_SEX_ECO_NB","SEX_T","ECO_AGGREGATE_TOTAL","2005",23606.212,
"X74","XA:8398","EMP_2EMP_SEX_ECO_NB","SEX_T","ECO_AGGREGATE_AGR","2005",7064.639,
"X75","XA:8448","EMP_2EMP_SEX_ECO_NB","SEX_T","ECO_AGGREGATE_TOTAL","2005",14309.978,
"X75","XA:8448","EMP_2EMP_SEX_ECO_NB","SEX_T","ECO_AGGREGATE_AGR","2005",4016.039,
"X76","XA:8449","EMP_2EMP_SEX_ECO_NB","SEX_T","ECO_AGGREGATE_TOTAL","2005",37083.587,
"X76","XA:8449","EMP_2EMP_SEX_ECO_NB","SEX_T","ECO_AGGREGATE_AGR","2005",11583.2,
"X77","XA:8450","EMP_2EMP_SEX_ECO_NB","SEX_T","ECO_AGGREGATE_TOTAL","2005",3155.821,
"X77","XA:8450","EMP_2EMP_SEX_ECO_NB","SEX_T","ECO_AGGREGATE_AGR","2005",77.015,
"X78","XA:8399","EMP_2EMP_SEX_ECO_NB","SEX_T","ECO_AGGREGATE_TOTAL","2005",54549.386,
"X78","XA:8399","EMP_2EMP_SEX_ECO_NB","SEX_T","ECO_AGGREGATE_AGR","2005",15676.255,
"X79","XA:8400","EMP_2EMP_SEX_ECO_NB","SEX_T","ECO_AGGREGATE_TOTAL","2005",30943.173,
"X79","XA:8400","EMP_2EMP_SEX_ECO_NB","SEX_T","ECO_AGGREGATE_AGR","2005",8611.616,
"X82","XA:12988","EMP_2EMP_SEX_ECO_NB","SEX_T","ECO_AGGREGATE_TOTAL","2005",214865.989,
"X82","XA:12988","EMP_2EMP_SEX_ECO_NB","SEX_T","ECO_AGGREGATE_AGR","2005",13057.287,
"X83","XA:12989","EMP_2EMP_SEX_ECO_NB","SEX_T","ECO_AGGREGATE_TOTAL","2005",2294853.513,
"X83","XA:12989","EMP_2EMP_SEX_ECO_NB","SEX_T","ECO_AGGREGATE_AGR","2005",843034.629,
"X84","XA:12987","EMP_2EMP_SEX_ECO_NB","SEX_T","ECO_AGGREGATE_TOTAL","2005",253159.509,
"X84","XA:12987","EMP_2EMP_SEX_ECO_NB","SEX_T","ECO_AGGREGATE_AGR","2005",113854.742,
"X85","XA:12990","EMP_2EMP_SEX_ECO_NB","SEX_T","ECO_AGGREGATE_TOTAL","2005",1311545.784,
"X85","XA:12990","EMP_2EMP_SEX_ECO_NB","SEX_T","ECO_AGGREGATE_AGR","2005",578215.885,
"X87","XA:13329","EMP_2EMP_SEX_ECO_NB","SEX_T","ECO_AGGREGATE_TOTAL","2005",1505311.048,
"X87","XA:13329","EMP_2EMP_SEX_ECO_NB","SEX_T","ECO_AGGREGATE_AGR","2005",449962.396,
"X88","XA:14065","EMP_2EMP_SEX_ECO_NB","SEX_T","ECO_AGGREGATE_TOTAL","2005",340148.274,
"X88","XA:14065","EMP_2EMP_SEX_ECO_NB","SEX_T","ECO_AGGREGATE_AGR","2005",8726.302,
"X89","XA:14066","EMP_2EMP_SEX_ECO_NB","SEX_T","ECO_AGGREGATE_TOTAL","2005",103824.598,
"X89","XA:14066","EMP_2EMP_SEX_ECO_NB","SEX_T","ECO_AGGREGATE_AGR","2005",25543.235,
"X90","XA:15672","EMP_2EMP_SEX_ECO_NB","SEX_T","ECO_AGGREGATE_TOTAL","2005",84740.779,
"X90","XA:15672","EMP_2EMP_SEX_ECO_NB","SEX_T","ECO_AGGREGATE_AGR","2005",21953.08,
"X91","XA:15716","EMP_2EMP_SEX_ECO_NB","SEX_T","ECO_AGGREGATE_TOTAL","2005",5734.16,
"X91","XA:15716","EMP_2EMP_SEX_ECO_NB","SEX_T","ECO_AGGREGATE_AGR","2005",1869.977,
"X92","XA:15724","EMP_2EMP_SEX_ECO_NB","SEX_T","ECO_AGGREGATE_TOTAL","2005",185784.747,
"X92","XA:15724","EMP_2EMP_SEX_ECO_NB","SEX_T","ECO_AGGREGATE_AGR","2005",12657.12,
"X94","XA:15736","EMP_2EMP_SEX_ECO_NB","SEX_T","ECO_AGGREGATE_TOTAL","2005",9348.654,
"X94","XA:15736","EMP_2EMP_SEX_ECO_NB","SEX_T","ECO_AGGREGATE_AGR","2005",2406.49,
"X97","XA:16111","EMP_2EMP_SEX_ECO_NB","SEX_T","ECO_AGGREGATE_TOTAL","2005",1353782.513,
"X97","XA:16111","EMP_2EMP_SEX_ECO_NB","SEX_T","ECO_AGGREGATE_AGR","2005",447847.385,
"X98","XA:16212","EMP_2EMP_SEX_ECO_NB","SEX_T","ECO_AGGREGATE_TOTAL","2005",1674147.772,
"X98","XA:16212","EMP_2EMP_SEX_ECO_NB","SEX_T","ECO_AGGREGATE_AGR","2005",473768.071,
"X99","XA:16213","EMP_2EMP_SEX_ECO_NB","SEX_T","ECO_AGGREGATE_TOTAL","2005",437163.468,
"X99","XA:16213","EMP_2EMP_SEX_ECO_NB","SEX_T","ECO_AGGREGATE_AGR","2005",204629.753,
"XA1","XA:16214","EMP_2EMP_SEX_ECO_NB","SEX_T","ECO_AGGREGATE_TOTAL","2005",478925.786,
"XA1","XA:16214","EMP_2EMP_SEX_ECO_NB","SEX_T","ECO_AGGREGATE_AGR","2005",127476.218,
"YEM","XA:2190","EMP_2EMP_SEX_ECO_NB","SEX_T","ECO_AGGREGATE_TOTAL","2005",4479.327,
"YEM","XA:2190","EMP_2EMP_SEX_ECO_NB","SEX_T","ECO_AGGREGATE_AGR","2005",1335.031,
"ZAF","XA:2192","EMP_2EMP_SEX_ECO_NB","SEX_T","ECO_AGGREGATE_TOTAL","2005",15902.258,
"ZAF","XA:2192","EMP_2EMP_SEX_ECO_NB","SEX_T","ECO_AGGREGATE_AGR","2005",2831.719,
"ZMB","XA:2007","EMP_2EMP_SEX_ECO_NB","SEX_T","ECO_AGGREGATE_TOTAL","2005",3102.436,
"ZMB","XA:2007","EMP_2EMP_SEX_ECO_NB","SEX_T","ECO_AGGREGATE_AGR","2005",2029.946,
"ZWE","XA:1914","EMP_2EMP_SEX_ECO_NB","SEX_T","ECO_AGGREGATE_TOTAL","2005",4537.074,
"ZWE","XA:1914","EMP_2EMP_SEX_ECO_NB","SEX_T","ECO_AGGREGATE_AGR","2005",3280.996,
